transaction_id,transaction_time,customer_id,merchant,category,amount,is_fraud
1,2024-01-01 10:15:00,101,Amazon,Shopping,120.5,0
2,2024-01-01 10:16:00,417,Walmart,Electronics,4496.19,1
3,2024-01-01 10:17:00,280,Flipkart,Electronics,1673.31,0
4,2024-01-01 10:18:00,377,Flipkart,Grocery,4214.11,1
5,2024-01-01 10:19:00,335,Flipkart,Subscription,2842.56,0
6,2024-01-01 10:20:00,285,Swiggy,Food,1071.47,1
7,2024-01-01 10:21:00,371,Swiggy,Electronics,2190.66,0
8,2024-01-01 10:22:00,242,Uber,Transport,4395.9,0
9,2024-01-01 10:23:00,473,Flipkart,Food,3886.36,0
10,2024-01-01 10:24:00,302,Amazon,Food,271.43,1
11,2024-01-01 10:25:00,324,Apple,Food,4560.24,1
12,2024-01-01 10:26:00,385,Amazon,Transport,1706.29,0
13,2024-01-01 10:27:00,106,Walmart,Shopping,1239.35,1
14,2024-01-01 10:28:00,110,Flipkart,Electronics,1281.85,0
15,2024-01-01 10:29:00,483,Walmart,Transport,5191.1,0
16,2024-01-01 10:30:00,454,Netflix,Food,280.28,0
17,2024-01-01 10:31:00,442,Walmart,Food,5366.25,1
18,2024-01-01 10:32:00,276,Amazon,Electronics,2645.51,0
19,2024-01-01 10:33:00,365,Apple,Grocery,3896.42,1
20,2024-01-01 10:34:00,355,Apple,Shopping,797.73,0
21,2024-01-01 10:35:00,313,Amazon,Subscription,2765.77,1
22,2024-01-01 10:36:00,241,Swiggy,Subscription,2218.9,0
23,2024-01-01 10:37:00,346,Amazon,Subscription,761.56,0
24,2024-01-01 10:38:00,171,Swiggy,Electronics,335.87,0
25,2024-01-01 10:39:00,472,Flipkart,Subscription,5000.72,0
26,2024-01-01 10:40:00,190,Netflix,Subscription,73.81,0
27,2024-01-01 10:41:00,155,Flipkart,Food,5389.57,1
28,2024-01-01 10:42:00,492,Uber,Shopping,4760.59,0
29,2024-01-01 10:43:00,304,Amazon,Grocery,304.69,1
30,2024-01-01 10:44:00,133,Netflix,Transport,3026.86,1
31,2024-01-01 10:45:00,320,Uber,Shopping,5492.53,0
32,2024-01-01 10:46:00,198,Walmart,Shopping,854.87,1
33,2024-01-01 10:47:00,371,Apple,Subscription,1841.63,1
34,2024-01-01 10:48:00,369,Netflix,Electronics,1926.36,0
35,2024-01-01 10:49:00,363,Uber,Transport,5336.37,0
36,2024-01-01 10:50:00,349,Netflix,Transport,1406.14,0
37,2024-01-01 10:51:00,138,Apple,Food,3622.04,1
38,2024-01-01 10:52:00,360,Walmart,Food,1947.14,0
39,2024-01-01 10:53:00,259,Netflix,Transport,307.29,1
40,2024-01-01 10:54:00,363,Flipkart,Grocery,221.85,0
41,2024-01-01 10:55:00,238,Netflix,Subscription,1135.58,0
42,2024-01-01 10:56:00,133,Flipkart,Transport,5977.57,0
43,2024-01-01 10:57:00,213,Apple,Food,1775.09,0
44,2024-01-01 10:58:00,114,Walmart,Shopping,5427.11,1
45,2024-01-01 10:59:00,145,Apple,Transport,1050.01,0
46,2024-01-01 11:00:00,212,Uber,Shopping,5675.95,1
47,2024-01-01 11:01:00,115,Flipkart,Transport,562.54,0
48,2024-01-01 11:02:00,110,Amazon,Transport,4523.99,1
49,2024-01-01 11:03:00,190,Netflix,Food,2780.99,0
50,2024-01-01 11:04:00,197,Uber,Subscription,1969.6,1
51,2024-01-01 11:05:00,223,Amazon,Grocery,5612.36,0
52,2024-01-01 11:06:00,390,Apple,Transport,1455.61,0
53,2024-01-01 11:07:00,401,Netflix,Subscription,2377.82,1
54,2024-01-01 11:08:00,223,Amazon,Grocery,657.04,0
55,2024-01-01 11:09:00,117,Amazon,Grocery,2957.43,0
56,2024-01-01 11:10:00,349,Amazon,Transport,2414.14,0
57,2024-01-01 11:11:00,285,Apple,Electronics,2010.09,0
58,2024-01-01 11:12:00,260,Netflix,Subscription,1336.06,0
59,2024-01-01 11:13:00,432,Uber,Shopping,751.4,0
60,2024-01-01 11:14:00,399,Swiggy,Food,3279.88,0
61,2024-01-01 11:15:00,119,Amazon,Grocery,4361.52,0
62,2024-01-01 11:16:00,173,Amazon,Grocery,3135.94,1
63,2024-01-01 11:17:00,155,Netflix,Shopping,5008.23,1
64,2024-01-01 11:18:00,139,Amazon,Subscription,5429.92,1
65,2024-01-01 11:19:00,307,Netflix,Food,444.51,1
66,2024-01-01 11:20:00,393,Flipkart,Food,679.53,1
67,2024-01-01 11:21:00,176,Apple,Electronics,1733.25,0
68,2024-01-01 11:22:00,278,Walmart,Transport,2199.34,0
69,2024-01-01 11:23:00,266,Swiggy,Electronics,3740.99,0
70,2024-01-01 11:24:00,448,Walmart,Grocery,327.02,0
71,2024-01-01 11:25:00,499,Swiggy,Grocery,370.09,1
72,2024-01-01 11:26:00,313,Amazon,Food,5491.73,0
73,2024-01-01 11:27:00,350,Walmart,Shopping,3174.78,0
74,2024-01-01 11:28:00,155,Uber,Subscription,4078.62,1
75,2024-01-01 11:29:00,405,Apple,Transport,4930.98,1
76,2024-01-01 11:30:00,372,Walmart,Subscription,4962.57,1
77,2024-01-01 11:31:00,377,Walmart,Transport,4166.99,1
78,2024-01-01 11:32:00,308,Amazon,Shopping,4511.05,1
79,2024-01-01 11:33:00,476,Uber,Food,4774.87,1
80,2024-01-01 11:34:00,210,Amazon,Subscription,2778.27,1
81,2024-01-01 11:35:00,461,Netflix,Subscription,3012.22,1
82,2024-01-01 11:36:00,239,Netflix,Grocery,2818.83,0
83,2024-01-01 11:37:00,405,Apple,Grocery,2806.47,1
84,2024-01-01 11:38:00,185,Apple,Grocery,3261.98,0
85,2024-01-01 11:39:00,310,Walmart,Electronics,938.01,0
86,2024-01-01 11:40:00,340,Walmart,Electronics,5416.95,1
87,2024-01-01 11:41:00,238,Amazon,Food,867.53,0
88,2024-01-01 11:42:00,231,Amazon,Shopping,698.85,1
89,2024-01-01 11:43:00,496,Netflix,Grocery,2557.32,0
90,2024-01-01 11:44:00,360,Amazon,Subscription,4625.52,0
91,2024-01-01 11:45:00,108,Walmart,Food,4257.96,0
92,2024-01-01 11:46:00,127,Flipkart,Food,235.99,1
93,2024-01-01 11:47:00,116,Apple,Food,940.66,1
94,2024-01-01 11:48:00,440,Amazon,Grocery,3708.54,0
95,2024-01-01 11:49:00,438,Uber,Shopping,3698.01,0
96,2024-01-01 11:50:00,178,Netflix,Electronics,4170.44,1
97,2024-01-01 11:51:00,224,Uber,Food,239.35,1
98,2024-01-01 11:52:00,409,Uber,Transport,1994.12,1
99,2024-01-01 11:53:00,474,Flipkart,Electronics,5586.13,0
100,2024-01-01 11:54:00,485,Apple,Shopping,4946.73,0
101,2024-01-01 11:55:00,127,Swiggy,Food,4698.03,1
102,2024-01-01 11:56:00,413,Apple,Electronics,3922.18,1
103,2024-01-01 11:57:00,339,Flipkart,Transport,162.41,1
104,2024-01-01 11:58:00,294,Netflix,Subscription,4911.8,1
105,2024-01-01 11:59:00,259,Apple,Subscription,5969.99,0
106,2024-01-01 12:00:00,380,Flipkart,Shopping,4693.08,1
107,2024-01-01 12:01:00,491,Amazon,Subscription,2095.07,1
108,2024-01-01 12:02:00,157,Swiggy,Electronics,3293.77,1
109,2024-01-01 12:03:00,276,Flipkart,Food,4919.97,0
110,2024-01-01 12:04:00,334,Swiggy,Subscription,2688.52,1
111,2024-01-01 12:05:00,208,Flipkart,Food,3146.88,1
112,2024-01-01 12:06:00,365,Uber,Shopping,4961.42,0
113,2024-01-01 12:07:00,439,Walmart,Shopping,3566.46,1
114,2024-01-01 12:08:00,288,Swiggy,Transport,5036.46,1
115,2024-01-01 12:09:00,321,Flipkart,Electronics,5854.09,1
116,2024-01-01 12:10:00,213,Uber,Electronics,5316.34,1
117,2024-01-01 12:11:00,137,Apple,Shopping,3453.63,1
118,2024-01-01 12:12:00,348,Swiggy,Transport,3571.4,1
119,2024-01-01 12:13:00,280,Walmart,Electronics,665.96,1
120,2024-01-01 12:14:00,402,Netflix,Transport,5136.23,1
121,2024-01-01 12:15:00,431,Uber,Subscription,580.83,0
122,2024-01-01 12:16:00,190,Uber,Transport,4001.46,1
123,2024-01-01 12:17:00,117,Uber,Shopping,649.77,0
124,2024-01-01 12:18:00,185,Netflix,Shopping,359.09,1
125,2024-01-01 12:19:00,103,Apple,Transport,2036.27,0
126,2024-01-01 12:20:00,461,Apple,Transport,1364.84,0
127,2024-01-01 12:21:00,359,Flipkart,Shopping,1752.12,0
128,2024-01-01 12:22:00,465,Walmart,Shopping,638.39,0
129,2024-01-01 12:23:00,196,Amazon,Transport,1697.54,0
130,2024-01-01 12:24:00,117,Swiggy,Food,5784.46,0
131,2024-01-01 12:25:00,220,Walmart,Subscription,637.75,0
132,2024-01-01 12:26:00,353,Amazon,Grocery,1047.21,1
133,2024-01-01 12:27:00,181,Swiggy,Subscription,1746.03,0
134,2024-01-01 12:28:00,204,Swiggy,Grocery,178.56,0
135,2024-01-01 12:29:00,152,Amazon,Shopping,4384.23,0
136,2024-01-01 12:30:00,138,Walmart,Transport,3519.84,0
137,2024-01-01 12:31:00,477,Walmart,Food,1339.69,1
138,2024-01-01 12:32:00,248,Swiggy,Food,3879.58,1
139,2024-01-01 12:33:00,496,Swiggy,Electronics,2735.09,0
140,2024-01-01 12:34:00,150,Apple,Transport,4546.13,1
141,2024-01-01 12:35:00,222,Swiggy,Food,5549.43,0
142,2024-01-01 12:36:00,112,Swiggy,Transport,5152.99,1
143,2024-01-01 12:37:00,182,Uber,Subscription,219.11,1
144,2024-01-01 12:38:00,234,Apple,Subscription,5222.2,1
145,2024-01-01 12:39:00,350,Flipkart,Subscription,2631.87,0
146,2024-01-01 12:40:00,118,Apple,Subscription,1262.3,1
147,2024-01-01 12:41:00,302,Apple,Shopping,2262.76,0
148,2024-01-01 12:42:00,143,Walmart,Food,1055.94,0
149,2024-01-01 12:43:00,296,Apple,Shopping,1845.95,0
150,2024-01-01 12:44:00,295,Swiggy,Food,1138.66,0
151,2024-01-01 12:45:00,400,Flipkart,Shopping,400.77,0
152,2024-01-01 12:46:00,218,Amazon,Shopping,3893.17,0
153,2024-01-01 12:47:00,201,Flipkart,Grocery,5372.8,0
154,2024-01-01 12:48:00,199,Apple,Food,769.18,1
155,2024-01-01 12:49:00,249,Apple,Food,2867.17,1
156,2024-01-01 12:50:00,301,Amazon,Transport,5003.55,0
157,2024-01-01 12:51:00,379,Netflix,Shopping,4401.9,0
158,2024-01-01 12:52:00,268,Apple,Transport,5168.67,1
159,2024-01-01 12:53:00,114,Amazon,Shopping,2227.44,1
160,2024-01-01 12:54:00,150,Flipkart,Grocery,697.95,1
161,2024-01-01 12:55:00,175,Netflix,Transport,3162.81,0
162,2024-01-01 12:56:00,437,Walmart,Transport,5256.48,0
163,2024-01-01 12:57:00,240,Uber,Grocery,1245.95,1
164,2024-01-01 12:58:00,221,Uber,Subscription,1902.34,1
165,2024-01-01 12:59:00,295,Uber,Subscription,3583.87,0
166,2024-01-01 13:00:00,295,Amazon,Grocery,5075.64,0
167,2024-01-01 13:01:00,183,Apple,Electronics,3940.97,1
168,2024-01-01 13:02:00,416,Amazon,Shopping,2833.54,1
169,2024-01-01 13:03:00,243,Flipkart,Shopping,1333.71,1
170,2024-01-01 13:04:00,492,Amazon,Shopping,2625.58,0
171,2024-01-01 13:05:00,361,Walmart,Transport,696.98,0
172,2024-01-01 13:06:00,224,Uber,Shopping,5324.14,0
173,2024-01-01 13:07:00,487,Walmart,Transport,3276.09,0
174,2024-01-01 13:08:00,216,Flipkart,Grocery,71.42,1
175,2024-01-01 13:09:00,479,Walmart,Food,2417.44,1
176,2024-01-01 13:10:00,254,Flipkart,Subscription,459.74,0
177,2024-01-01 13:11:00,157,Walmart,Transport,2833.84,0
178,2024-01-01 13:12:00,474,Uber,Transport,2295.81,0
179,2024-01-01 13:13:00,102,Swiggy,Subscription,1018.21,0
180,2024-01-01 13:14:00,383,Flipkart,Transport,5962.52,0
181,2024-01-01 13:15:00,322,Amazon,Subscription,1391.47,0
182,2024-01-01 13:16:00,218,Netflix,Subscription,637.06,1
183,2024-01-01 13:17:00,150,Swiggy,Subscription,30.2,0
184,2024-01-01 13:18:00,163,Netflix,Electronics,250.74,0
185,2024-01-01 13:19:00,419,Netflix,Electronics,713.45,0
186,2024-01-01 13:20:00,291,Walmart,Transport,5220.07,0
187,2024-01-01 13:21:00,284,Walmart,Grocery,3778.83,0
188,2024-01-01 13:22:00,196,Netflix,Subscription,4232.58,1
189,2024-01-01 13:23:00,353,Walmart,Transport,1367.87,1
190,2024-01-01 13:24:00,120,Flipkart,Electronics,2557.91,1
191,2024-01-01 13:25:00,339,Amazon,Subscription,460.52,0
192,2024-01-01 13:26:00,165,Flipkart,Food,1787.83,0
193,2024-01-01 13:27:00,333,Apple,Subscription,5356.67,0
194,2024-01-01 13:28:00,232,Swiggy,Grocery,1021.76,0
195,2024-01-01 13:29:00,165,Amazon,Shopping,1487.53,1
196,2024-01-01 13:30:00,176,Amazon,Grocery,1378.39,0
197,2024-01-01 13:31:00,202,Swiggy,Food,5552,0
198,2024-01-01 13:32:00,232,Uber,Grocery,5433.96,0
199,2024-01-01 13:33:00,223,Uber,Grocery,4728.24,1
200,2024-01-01 13:34:00,435,Walmart,Grocery,2496.88,1
201,2024-01-01 13:35:00,495,Walmart,Grocery,4116.88,1
202,2024-01-01 13:36:00,291,Netflix,Transport,3337.88,0
203,2024-01-01 13:37:00,312,Uber,Electronics,4676.95,1
204,2024-01-01 13:38:00,262,Flipkart,Subscription,5544.37,1
205,2024-01-01 13:39:00,303,Flipkart,Subscription,2868.23,1
206,2024-01-01 13:40:00,146,Amazon,Electronics,3507.18,1
207,2024-01-01 13:41:00,272,Flipkart,Grocery,2216.45,0
208,2024-01-01 13:42:00,471,Netflix,Electronics,4343.94,1
209,2024-01-01 13:43:00,354,Netflix,Shopping,4491.4,0
210,2024-01-01 13:44:00,251,Walmart,Subscription,3964.06,1
211,2024-01-01 13:45:00,297,Apple,Food,436.58,1
212,2024-01-01 13:46:00,118,Swiggy,Shopping,2775.77,1
213,2024-01-01 13:47:00,181,Amazon,Electronics,666.83,0
214,2024-01-01 13:48:00,338,Netflix,Transport,4137.46,0
215,2024-01-01 13:49:00,198,Flipkart,Grocery,959.87,0
216,2024-01-01 13:50:00,298,Walmart,Food,3001.4,1
217,2024-01-01 13:51:00,412,Netflix,Transport,1497.23,0
218,2024-01-01 13:52:00,237,Apple,Electronics,3874.53,1
219,2024-01-01 13:53:00,416,Netflix,Food,1404.36,0
220,2024-01-01 13:54:00,444,Netflix,Subscription,400.26,1
221,2024-01-01 13:55:00,485,Netflix,Electronics,2158.08,0
222,2024-01-01 13:56:00,329,Apple,Food,4768.61,0
223,2024-01-01 13:57:00,448,Uber,Transport,4977.95,0
224,2024-01-01 13:58:00,499,Walmart,Shopping,1692.11,1
225,2024-01-01 13:59:00,306,Walmart,Shopping,5384.85,1
226,2024-01-01 14:00:00,355,Walmart,Food,4712.5,0
227,2024-01-01 14:01:00,291,Apple,Electronics,3755.41,1
228,2024-01-01 14:02:00,140,Flipkart,Grocery,5762.87,1
229,2024-01-01 14:03:00,455,Uber,Electronics,324.9,1
230,2024-01-01 14:04:00,486,Netflix,Grocery,4714.06,1
231,2024-01-01 14:05:00,163,Netflix,Shopping,3920.88,0
232,2024-01-01 14:06:00,349,Flipkart,Food,3426.32,1
233,2024-01-01 14:07:00,134,Apple,Grocery,3349.09,1
234,2024-01-01 14:08:00,137,Walmart,Shopping,1833.5,1
235,2024-01-01 14:09:00,140,Flipkart,Electronics,4198.94,1
236,2024-01-01 14:10:00,271,Swiggy,Subscription,2770,0
237,2024-01-01 14:11:00,262,Flipkart,Food,711.35,1
238,2024-01-01 14:12:00,202,Netflix,Transport,3602.38,0
239,2024-01-01 14:13:00,227,Walmart,Electronics,5799.27,0
240,2024-01-01 14:14:00,261,Swiggy,Electronics,2840.58,1
241,2024-01-01 14:15:00,457,Netflix,Subscription,373.49,1
242,2024-01-01 14:16:00,191,Uber,Shopping,3485.65,0
243,2024-01-01 14:17:00,183,Flipkart,Subscription,5512.64,0
244,2024-01-01 14:18:00,257,Uber,Food,2197.35,1
245,2024-01-01 14:19:00,480,Netflix,Food,2991.33,1
246,2024-01-01 14:20:00,157,Flipkart,Transport,5816.66,0
247,2024-01-01 14:21:00,128,Apple,Food,1080.22,0
248,2024-01-01 14:22:00,418,Netflix,Subscription,347.64,1
249,2024-01-01 14:23:00,149,Uber,Subscription,3867.77,0
250,2024-01-01 14:24:00,186,Amazon,Transport,218.9,0
251,2024-01-01 14:25:00,173,Uber,Electronics,1638.65,1
252,2024-01-01 14:26:00,241,Swiggy,Grocery,3235.97,0
253,2024-01-01 14:27:00,311,Amazon,Food,4710.57,0
254,2024-01-01 14:28:00,375,Apple,Transport,3766.16,1
255,2024-01-01 14:29:00,274,Flipkart,Food,5911.06,1
256,2024-01-01 14:30:00,377,Amazon,Shopping,2811.31,1
257,2024-01-01 14:31:00,141,Swiggy,Food,4242.46,1
258,2024-01-01 14:32:00,178,Uber,Subscription,2099.74,0
259,2024-01-01 14:33:00,318,Netflix,Subscription,859.81,1
260,2024-01-01 14:34:00,466,Amazon,Shopping,5225.89,0
261,2024-01-01 14:35:00,284,Amazon,Electronics,2102.47,0
262,2024-01-01 14:36:00,391,Amazon,Shopping,4320.77,1
263,2024-01-01 14:37:00,266,Amazon,Grocery,3758.97,0
264,2024-01-01 14:38:00,156,Netflix,Grocery,457.93,1
265,2024-01-01 14:39:00,400,Walmart,Transport,5064.8,1
266,2024-01-01 14:40:00,388,Uber,Transport,4828.5,0
267,2024-01-01 14:41:00,173,Uber,Subscription,3086.47,1
268,2024-01-01 14:42:00,202,Swiggy,Subscription,44.12,1
269,2024-01-01 14:43:00,385,Amazon,Grocery,375.26,1
270,2024-01-01 14:44:00,256,Uber,Food,2252.17,0
271,2024-01-01 14:45:00,180,Swiggy,Electronics,2222.23,0
272,2024-01-01 14:46:00,168,Apple,Grocery,1228.92,0
273,2024-01-01 14:47:00,400,Walmart,Electronics,1952.68,0
274,2024-01-01 14:48:00,254,Apple,Electronics,5335.42,0
275,2024-01-01 14:49:00,184,Apple,Food,4771.28,0
276,2024-01-01 14:50:00,468,Flipkart,Subscription,3103.13,1
277,2024-01-01 14:51:00,362,Walmart,Shopping,5371.13,1
278,2024-01-01 14:52:00,461,Apple,Transport,4009.05,1
279,2024-01-01 14:53:00,368,Flipkart,Subscription,3303.02,1
280,2024-01-01 14:54:00,301,Amazon,Subscription,1295.1,1
281,2024-01-01 14:55:00,257,Netflix,Subscription,2847.29,1
282,2024-01-01 14:56:00,474,Amazon,Food,2946.62,0
283,2024-01-01 14:57:00,254,Netflix,Subscription,4477.61,0
284,2024-01-01 14:58:00,470,Flipkart,Food,2430.55,0
285,2024-01-01 14:59:00,183,Netflix,Shopping,5995,1
286,2024-01-01 15:00:00,136,Netflix,Shopping,2670.6,0
287,2024-01-01 15:01:00,205,Flipkart,Subscription,4905.58,1
288,2024-01-01 15:02:00,139,Apple,Shopping,5934.42,0
289,2024-01-01 15:03:00,137,Apple,Subscription,3820.13,1
290,2024-01-01 15:04:00,226,Uber,Shopping,1704.65,1
291,2024-01-01 15:05:00,212,Swiggy,Food,1625.67,1
292,2024-01-01 15:06:00,222,Swiggy,Grocery,776.85,0
293,2024-01-01 15:07:00,355,Amazon,Grocery,307.18,0
294,2024-01-01 15:08:00,203,Swiggy,Transport,4405.88,0
295,2024-01-01 15:09:00,321,Apple,Transport,2835.61,0
296,2024-01-01 15:10:00,407,Swiggy,Food,492.35,1
297,2024-01-01 15:11:00,134,Flipkart,Subscription,4055.83,0
298,2024-01-01 15:12:00,331,Walmart,Subscription,930.58,0
299,2024-01-01 15:13:00,354,Swiggy,Transport,438.77,1
300,2024-01-01 15:14:00,262,Netflix,Subscription,3223.96,0
301,2024-01-01 15:15:00,305,Swiggy,Food,5683.02,0
302,2024-01-01 15:16:00,219,Uber,Electronics,4283.37,1
303,2024-01-01 15:17:00,129,Swiggy,Transport,73.94,1
304,2024-01-01 15:18:00,224,Uber,Food,625.15,1
305,2024-01-01 15:19:00,434,Walmart,Transport,1164.16,0
306,2024-01-01 15:20:00,315,Apple,Grocery,4611.1,0
307,2024-01-01 15:21:00,343,Uber,Transport,2614.46,0
308,2024-01-01 15:22:00,320,Apple,Subscription,2251.38,1
309,2024-01-01 15:23:00,326,Walmart,Grocery,942.43,0
310,2024-01-01 15:24:00,206,Uber,Subscription,2759.31,0
311,2024-01-01 15:25:00,189,Uber,Electronics,1599.54,0
312,2024-01-01 15:26:00,468,Netflix,Electronics,551.87,0
313,2024-01-01 15:27:00,138,Swiggy,Transport,5466.38,0
314,2024-01-01 15:28:00,329,Uber,Food,3700.33,0
315,2024-01-01 15:29:00,442,Uber,Electronics,3742.83,1
316,2024-01-01 15:30:00,468,Amazon,Subscription,1717.57,1
317,2024-01-01 15:31:00,290,Walmart,Subscription,1831.12,1
318,2024-01-01 15:32:00,406,Amazon,Grocery,5685.17,0
319,2024-01-01 15:33:00,222,Apple,Shopping,4534.61,0
320,2024-01-01 15:34:00,420,Amazon,Shopping,5510.75,1
321,2024-01-01 15:35:00,390,Walmart,Electronics,5410,1
322,2024-01-01 15:36:00,113,Uber,Shopping,916.53,1
323,2024-01-01 15:37:00,348,Netflix,Electronics,3994.55,1
324,2024-01-01 15:38:00,391,Amazon,Electronics,2723.67,0
325,2024-01-01 15:39:00,424,Amazon,Shopping,4773.75,1
326,2024-01-01 15:40:00,438,Uber,Transport,171.14,0
327,2024-01-01 15:41:00,113,Walmart,Food,883.68,1
328,2024-01-01 15:42:00,203,Amazon,Transport,143.12,0
329,2024-01-01 15:43:00,356,Amazon,Food,3750.57,0
330,2024-01-01 15:44:00,143,Swiggy,Grocery,5125.68,0
331,2024-01-01 15:45:00,213,Uber,Transport,3104.43,1
332,2024-01-01 15:46:00,133,Netflix,Transport,1816.4,1
333,2024-01-01 15:47:00,353,Apple,Food,3280.7,1
334,2024-01-01 15:48:00,223,Swiggy,Subscription,2133.46,0
335,2024-01-01 15:49:00,122,Uber,Transport,5639.23,1
336,2024-01-01 15:50:00,384,Uber,Grocery,3.68,0
337,2024-01-01 15:51:00,312,Swiggy,Transport,5658.73,1
338,2024-01-01 15:52:00,138,Apple,Subscription,1897.27,0
339,2024-01-01 15:53:00,127,Netflix,Electronics,5171.99,1
340,2024-01-01 15:54:00,129,Uber,Grocery,5490.83,0
341,2024-01-01 15:55:00,327,Apple,Grocery,913.04,1
342,2024-01-01 15:56:00,331,Apple,Electronics,2875.8,1
343,2024-01-01 15:57:00,227,Swiggy,Shopping,4535.78,0
344,2024-01-01 15:58:00,230,Netflix,Food,4922.9,0
345,2024-01-01 15:59:00,191,Uber,Electronics,3397.12,1
346,2024-01-01 16:00:00,289,Swiggy,Food,4309.8,1
347,2024-01-01 16:01:00,433,Walmart,Transport,305.08,1
348,2024-01-01 16:02:00,489,Apple,Electronics,458.8,1
349,2024-01-01 16:03:00,199,Netflix,Grocery,205.93,0
350,2024-01-01 16:04:00,317,Walmart,Electronics,3525.2,0
351,2024-01-01 16:05:00,236,Amazon,Electronics,5211,0
352,2024-01-01 16:06:00,223,Walmart,Food,4420.25,1
353,2024-01-01 16:07:00,437,Netflix,Grocery,3712.05,1
354,2024-01-01 16:08:00,181,Flipkart,Grocery,1606.72,1
355,2024-01-01 16:09:00,161,Amazon,Subscription,5623.28,1
356,2024-01-01 16:10:00,355,Swiggy,Electronics,634.13,0
357,2024-01-01 16:11:00,293,Uber,Grocery,2446.02,1
358,2024-01-01 16:12:00,122,Swiggy,Shopping,3669.28,0
359,2024-01-01 16:13:00,384,Apple,Transport,5062.42,0
360,2024-01-01 16:14:00,105,Walmart,Shopping,881.96,1
361,2024-01-01 16:15:00,124,Amazon,Subscription,1596.07,1
362,2024-01-01 16:16:00,149,Uber,Electronics,2772.77,0
363,2024-01-01 16:17:00,149,Walmart,Subscription,3657.75,0
364,2024-01-01 16:18:00,286,Swiggy,Transport,5309.03,0
365,2024-01-01 16:19:00,338,Swiggy,Transport,702.64,1
366,2024-01-01 16:20:00,485,Amazon,Transport,4025.99,1
367,2024-01-01 16:21:00,245,Netflix,Electronics,2562.89,0
368,2024-01-01 16:22:00,249,Flipkart,Subscription,5717.86,1
369,2024-01-01 16:23:00,191,Netflix,Shopping,3561.52,0
370,2024-01-01 16:24:00,270,Amazon,Grocery,1630.78,1
371,2024-01-01 16:25:00,331,Flipkart,Food,1652.67,1
372,2024-01-01 16:26:00,293,Uber,Transport,4471.56,0
373,2024-01-01 16:27:00,382,Uber,Grocery,4008.22,0
374,2024-01-01 16:28:00,439,Amazon,Shopping,483.49,1
375,2024-01-01 16:29:00,294,Walmart,Food,312.41,1
376,2024-01-01 16:30:00,248,Walmart,Subscription,1209.03,0
377,2024-01-01 16:31:00,129,Apple,Subscription,1081.63,0
378,2024-01-01 16:32:00,308,Flipkart,Transport,3533.34,0
379,2024-01-01 16:33:00,368,Uber,Transport,4808.71,0
380,2024-01-01 16:34:00,275,Uber,Grocery,727.56,1
381,2024-01-01 16:35:00,481,Uber,Electronics,93.85,1
382,2024-01-01 16:36:00,465,Swiggy,Grocery,2343.51,0
383,2024-01-01 16:37:00,128,Uber,Shopping,3599.57,0
384,2024-01-01 16:38:00,309,Flipkart,Transport,246.06,0
385,2024-01-01 16:39:00,200,Apple,Subscription,338.89,1
386,2024-01-01 16:40:00,426,Flipkart,Electronics,3244.48,0
387,2024-01-01 16:41:00,100,Swiggy,Grocery,3983.65,0
388,2024-01-01 16:42:00,488,Flipkart,Shopping,791.83,1
389,2024-01-01 16:43:00,474,Flipkart,Electronics,5566.37,1
390,2024-01-01 16:44:00,340,Swiggy,Shopping,1110.17,0
391,2024-01-01 16:45:00,290,Amazon,Subscription,1746.82,1
392,2024-01-01 16:46:00,336,Netflix,Electronics,1685.77,0
393,2024-01-01 16:47:00,112,Walmart,Food,5937.47,0
394,2024-01-01 16:48:00,182,Walmart,Electronics,3089.77,0
395,2024-01-01 16:49:00,397,Flipkart,Subscription,1871.64,1
396,2024-01-01 16:50:00,197,Apple,Electronics,3007.39,1
397,2024-01-01 16:51:00,428,Uber,Subscription,5941.49,0
398,2024-01-01 16:52:00,480,Amazon,Electronics,3650.83,1
399,2024-01-01 16:53:00,306,Netflix,Electronics,5007.42,1
400,2024-01-01 16:54:00,100,Swiggy,Subscription,524,1
401,2024-01-01 16:55:00,422,Uber,Transport,1724.71,1
402,2024-01-01 16:56:00,219,Netflix,Food,5966.45,0
403,2024-01-01 16:57:00,270,Netflix,Food,1190.87,0
404,2024-01-01 16:58:00,336,Apple,Electronics,2851.87,1
405,2024-01-01 16:59:00,478,Apple,Electronics,3413.5,0
406,2024-01-01 17:00:00,406,Uber,Grocery,5075.13,0
407,2024-01-01 17:01:00,488,Flipkart,Food,1298.27,1
408,2024-01-01 17:02:00,380,Flipkart,Grocery,3599.62,1
409,2024-01-01 17:03:00,201,Apple,Shopping,3363.92,0
410,2024-01-01 17:04:00,362,Amazon,Food,3297.47,1
411,2024-01-01 17:05:00,249,Swiggy,Grocery,5898.86,1
412,2024-01-01 17:06:00,117,Walmart,Subscription,3893.06,1
413,2024-01-01 17:07:00,444,Netflix,Shopping,1774.21,1
414,2024-01-01 17:08:00,126,Apple,Subscription,160.05,1
415,2024-01-01 17:09:00,286,Flipkart,Electronics,4528.25,0
416,2024-01-01 17:10:00,259,Walmart,Electronics,3044.55,0
417,2024-01-01 17:11:00,233,Amazon,Food,821.8,1
418,2024-01-01 17:12:00,338,Uber,Food,3512.09,1
419,2024-01-01 17:13:00,478,Apple,Food,3961.33,0
420,2024-01-01 17:14:00,449,Netflix,Shopping,5156.9,1
421,2024-01-01 17:15:00,131,Flipkart,Shopping,5372.91,1
422,2024-01-01 17:16:00,282,Apple,Transport,1659.59,1
423,2024-01-01 17:17:00,173,Walmart,Grocery,1811.07,1
424,2024-01-01 17:18:00,278,Swiggy,Electronics,5182.69,0
425,2024-01-01 17:19:00,272,Uber,Grocery,401.81,0
426,2024-01-01 17:20:00,242,Walmart,Grocery,4146.59,1
427,2024-01-01 17:21:00,109,Apple,Transport,3692.29,0
428,2024-01-01 17:22:00,267,Netflix,Transport,3365.73,1
429,2024-01-01 17:23:00,127,Swiggy,Grocery,2518.56,1
430,2024-01-01 17:24:00,220,Netflix,Transport,5339.81,1
431,2024-01-01 17:25:00,432,Netflix,Transport,4319.55,0
432,2024-01-01 17:26:00,423,Flipkart,Grocery,4097.88,1
433,2024-01-01 17:27:00,244,Amazon,Subscription,5485.09,1
434,2024-01-01 17:28:00,344,Flipkart,Subscription,4143.18,1
435,2024-01-01 17:29:00,286,Swiggy,Subscription,5198.42,1
436,2024-01-01 17:30:00,447,Netflix,Shopping,2008.37,1
437,2024-01-01 17:31:00,180,Swiggy,Electronics,1216.83,1
438,2024-01-01 17:32:00,473,Apple,Transport,5066.88,0
439,2024-01-01 17:33:00,406,Apple,Shopping,71.05,0
440,2024-01-01 17:34:00,439,Netflix,Electronics,573.43,1
441,2024-01-01 17:35:00,108,Amazon,Subscription,4621.67,0
442,2024-01-01 17:36:00,365,Walmart,Electronics,4437.49,0
443,2024-01-01 17:37:00,271,Apple,Food,5943.13,1
444,2024-01-01 17:38:00,427,Flipkart,Shopping,2704.98,1
445,2024-01-01 17:39:00,365,Swiggy,Transport,650.09,1
446,2024-01-01 17:40:00,187,Amazon,Grocery,788.53,0
447,2024-01-01 17:41:00,241,Amazon,Transport,4401.55,0
448,2024-01-01 17:42:00,469,Uber,Grocery,619.7,0
449,2024-01-01 17:43:00,461,Apple,Transport,1117.77,1
450,2024-01-01 17:44:00,439,Uber,Electronics,419.99,0
451,2024-01-01 17:45:00,415,Apple,Subscription,2956.74,0
452,2024-01-01 17:46:00,371,Walmart,Shopping,3825.6,0
453,2024-01-01 17:47:00,355,Walmart,Electronics,5290.06,0
454,2024-01-01 17:48:00,188,Swiggy,Shopping,3744.72,1
455,2024-01-01 17:49:00,421,Flipkart,Subscription,3418.68,1
456,2024-01-01 17:50:00,488,Flipkart,Shopping,1299.91,1
457,2024-01-01 17:51:00,409,Amazon,Shopping,5773.85,1
458,2024-01-01 17:52:00,458,Apple,Electronics,1354.67,0
459,2024-01-01 17:53:00,129,Uber,Food,3715.21,1
460,2024-01-01 17:54:00,230,Swiggy,Subscription,2823.59,0
461,2024-01-01 17:55:00,170,Netflix,Shopping,4047.81,1
462,2024-01-01 17:56:00,418,Amazon,Shopping,2746.22,0
463,2024-01-01 17:57:00,144,Walmart,Grocery,1189.68,1
464,2024-01-01 17:58:00,336,Flipkart,Grocery,3061.99,0
465,2024-01-01 17:59:00,181,Netflix,Food,5920.91,0
466,2024-01-01 18:00:00,233,Netflix,Food,5346.53,1
467,2024-01-01 18:01:00,348,Apple,Grocery,5214.36,1
468,2024-01-01 18:02:00,325,Uber,Grocery,245.11,1
469,2024-01-01 18:03:00,335,Apple,Grocery,352.62,1
470,2024-01-01 18:04:00,242,Amazon,Shopping,848.3,0
471,2024-01-01 18:05:00,463,Uber,Transport,4951.47,0
472,2024-01-01 18:06:00,244,Amazon,Grocery,5290.89,0
473,2024-01-01 18:07:00,425,Flipkart,Shopping,3395.86,1
474,2024-01-01 18:08:00,175,Flipkart,Transport,3938,1
475,2024-01-01 18:09:00,445,Apple,Food,4257.58,1
476,2024-01-01 18:10:00,194,Uber,Food,4875.57,1
477,2024-01-01 18:11:00,223,Uber,Electronics,565.65,1
478,2024-01-01 18:12:00,159,Swiggy,Transport,5264.83,1
479,2024-01-01 18:13:00,207,Apple,Food,111.94,0
480,2024-01-01 18:14:00,216,Swiggy,Transport,3290.85,1
481,2024-01-01 18:15:00,229,Netflix,Food,5613.81,0
482,2024-01-01 18:16:00,310,Walmart,Electronics,1921.17,1
483,2024-01-01 18:17:00,499,Apple,Shopping,1483.75,1
484,2024-01-01 18:18:00,150,Swiggy,Grocery,4986.84,0
485,2024-01-01 18:19:00,303,Uber,Transport,1623.54,0
486,2024-01-01 18:20:00,400,Walmart,Grocery,4856.08,1
487,2024-01-01 18:21:00,425,Walmart,Subscription,4308.6,0
488,2024-01-01 18:22:00,387,Netflix,Subscription,407.41,1
489,2024-01-01 18:23:00,445,Netflix,Food,5382.95,1
490,2024-01-01 18:24:00,344,Walmart,Shopping,3455.95,0
491,2024-01-01 18:25:00,266,Netflix,Subscription,5158.24,1
492,2024-01-01 18:26:00,478,Apple,Subscription,4138.22,1
493,2024-01-01 18:27:00,489,Walmart,Transport,2308.35,1
494,2024-01-01 18:28:00,366,Amazon,Food,1020.72,1
495,2024-01-01 18:29:00,358,Uber,Transport,3314.18,0
496,2024-01-01 18:30:00,124,Walmart,Shopping,2502.8,0
497,2024-01-01 18:31:00,133,Swiggy,Electronics,4605.77,1
498,2024-01-01 18:32:00,396,Flipkart,Grocery,1076.97,0
499,2024-01-01 18:33:00,347,Amazon,Shopping,253.19,1
500,2024-01-01 18:34:00,115,Swiggy,Transport,5501.46,0
501,2024-01-01 18:35:00,482,Apple,Food,4045.12,0
502,2024-01-01 18:36:00,180,Flipkart,Electronics,3335.21,1
503,2024-01-01 18:37:00,499,Netflix,Shopping,5043.33,1
504,2024-01-01 18:38:00,177,Walmart,Transport,5494.78,1
505,2024-01-01 18:39:00,113,Walmart,Grocery,521.81,1
506,2024-01-01 18:40:00,105,Apple,Food,5672.18,1
507,2024-01-01 18:41:00,321,Swiggy,Food,5830.63,0
508,2024-01-01 18:42:00,363,Flipkart,Transport,4165.94,1
509,2024-01-01 18:43:00,128,Walmart,Transport,4625.18,1
510,2024-01-01 18:44:00,105,Walmart,Transport,4775.3,1
511,2024-01-01 18:45:00,320,Apple,Food,5450.63,1
512,2024-01-01 18:46:00,245,Apple,Shopping,167.81,1
513,2024-01-01 18:47:00,443,Apple,Transport,4634.72,1
514,2024-01-01 18:48:00,332,Walmart,Subscription,1028.44,0
515,2024-01-01 18:49:00,329,Uber,Transport,3269.35,1
516,2024-01-01 18:50:00,443,Uber,Electronics,384.01,0
517,2024-01-01 18:51:00,269,Swiggy,Food,1752.22,1
518,2024-01-01 18:52:00,105,Uber,Shopping,850.31,0
519,2024-01-01 18:53:00,449,Walmart,Grocery,3582.18,0
520,2024-01-01 18:54:00,477,Netflix,Transport,1967.02,0
521,2024-01-01 18:55:00,392,Amazon,Grocery,3979.21,1
522,2024-01-01 18:56:00,163,Swiggy,Shopping,2015.57,0
523,2024-01-01 18:57:00,269,Apple,Shopping,5337.28,1
524,2024-01-01 18:58:00,270,Walmart,Grocery,219.95,0
525,2024-01-01 18:59:00,302,Swiggy,Transport,810.13,1
526,2024-01-01 19:00:00,304,Amazon,Transport,4490.08,0
527,2024-01-01 19:01:00,264,Apple,Shopping,559.55,0
528,2024-01-01 19:02:00,260,Flipkart,Transport,994.24,1
529,2024-01-01 19:03:00,374,Swiggy,Electronics,3865.21,0
530,2024-01-01 19:04:00,444,Swiggy,Food,1012.26,0
531,2024-01-01 19:05:00,102,Apple,Subscription,3653.86,1
532,2024-01-01 19:06:00,255,Swiggy,Shopping,1563.87,0
533,2024-01-01 19:07:00,354,Apple,Shopping,4752.72,1
534,2024-01-01 19:08:00,409,Walmart,Food,4024.87,0
535,2024-01-01 19:09:00,491,Amazon,Shopping,2767.87,1
536,2024-01-01 19:10:00,231,Apple,Electronics,4903.24,1
537,2024-01-01 19:11:00,153,Walmart,Subscription,4759.59,0
538,2024-01-01 19:12:00,333,Amazon,Transport,2643.56,1
539,2024-01-01 19:13:00,419,Amazon,Grocery,1549.24,1
540,2024-01-01 19:14:00,490,Swiggy,Food,968.42,0
541,2024-01-01 19:15:00,456,Amazon,Transport,1512.6,0
542,2024-01-01 19:16:00,261,Walmart,Subscription,5082.53,0
543,2024-01-01 19:17:00,373,Amazon,Transport,3023.57,0
544,2024-01-01 19:18:00,243,Swiggy,Subscription,918.92,1
545,2024-01-01 19:19:00,213,Uber,Food,1446.7,1
546,2024-01-01 19:20:00,318,Amazon,Transport,427.7,0
547,2024-01-01 19:21:00,168,Apple,Transport,4854.04,0
548,2024-01-01 19:22:00,150,Amazon,Electronics,4270.76,0
549,2024-01-01 19:23:00,431,Swiggy,Electronics,1823.31,1
550,2024-01-01 19:24:00,186,Swiggy,Electronics,4751.37,1
551,2024-01-01 19:25:00,390,Amazon,Transport,4990,0
552,2024-01-01 19:26:00,234,Netflix,Electronics,678.42,1
553,2024-01-01 19:27:00,422,Amazon,Transport,4116.19,1
554,2024-01-01 19:28:00,387,Uber,Subscription,2409.56,0
555,2024-01-01 19:29:00,108,Swiggy,Electronics,640.57,1
556,2024-01-01 19:30:00,453,Uber,Grocery,1463.89,0
557,2024-01-01 19:31:00,299,Netflix,Transport,1863.33,0
558,2024-01-01 19:32:00,294,Walmart,Transport,5835.82,0
559,2024-01-01 19:33:00,318,Netflix,Grocery,1621.52,0
560,2024-01-01 19:34:00,139,Amazon,Transport,3118.23,1
561,2024-01-01 19:35:00,241,Swiggy,Subscription,4532.81,0
562,2024-01-01 19:36:00,176,Netflix,Shopping,4374.94,1
563,2024-01-01 19:37:00,260,Apple,Electronics,3432.64,1
564,2024-01-01 19:38:00,208,Flipkart,Transport,5770.18,1
565,2024-01-01 19:39:00,290,Apple,Transport,4609.59,1
566,2024-01-01 19:40:00,405,Netflix,Shopping,546.64,1
567,2024-01-01 19:41:00,171,Swiggy,Shopping,5901.57,1
568,2024-01-01 19:42:00,369,Walmart,Shopping,108.2,0
569,2024-01-01 19:43:00,449,Uber,Grocery,3927.17,1
570,2024-01-01 19:44:00,411,Netflix,Shopping,2724.08,0
571,2024-01-01 19:45:00,149,Apple,Grocery,3920.68,1
572,2024-01-01 19:46:00,314,Netflix,Transport,390.66,0
573,2024-01-01 19:47:00,475,Amazon,Shopping,1306.91,1
574,2024-01-01 19:48:00,357,Walmart,Electronics,4454.86,0
575,2024-01-01 19:49:00,454,Swiggy,Transport,5658.59,0
576,2024-01-01 19:50:00,418,Netflix,Electronics,1045.34,1
577,2024-01-01 19:51:00,405,Swiggy,Food,4763.81,1
578,2024-01-01 19:52:00,249,Walmart,Grocery,2593.95,0
579,2024-01-01 19:53:00,296,Amazon,Transport,4690.72,1
580,2024-01-01 19:54:00,413,Apple,Electronics,3874.03,0
581,2024-01-01 19:55:00,111,Flipkart,Transport,1944.46,1
582,2024-01-01 19:56:00,164,Swiggy,Electronics,1057,1
583,2024-01-01 19:57:00,242,Walmart,Shopping,3720.1,0
584,2024-01-01 19:58:00,119,Walmart,Grocery,124.51,0
585,2024-01-01 19:59:00,229,Flipkart,Shopping,2032.13,1
586,2024-01-01 20:00:00,451,Netflix,Shopping,2316.89,0
587,2024-01-01 20:01:00,342,Uber,Subscription,5001.74,0
588,2024-01-01 20:02:00,273,Walmart,Shopping,4586.49,0
589,2024-01-01 20:03:00,113,Flipkart,Grocery,1147.14,1
590,2024-01-01 20:04:00,392,Walmart,Transport,770.72,1
591,2024-01-01 20:05:00,126,Netflix,Grocery,189.93,0
592,2024-01-01 20:06:00,103,Walmart,Transport,3487.4,0
593,2024-01-01 20:07:00,132,Netflix,Electronics,5206.08,0
594,2024-01-01 20:08:00,363,Netflix,Electronics,2797.41,1
595,2024-01-01 20:09:00,494,Uber,Electronics,2129.5,1
596,2024-01-01 20:10:00,113,Uber,Shopping,2224.01,0
597,2024-01-01 20:11:00,136,Flipkart,Transport,1370.24,0
598,2024-01-01 20:12:00,400,Uber,Shopping,5713.96,0
599,2024-01-01 20:13:00,336,Flipkart,Transport,3115.26,0
600,2024-01-01 20:14:00,172,Swiggy,Food,970.19,1
601,2024-01-01 20:15:00,456,Uber,Shopping,3528.22,1
602,2024-01-01 20:16:00,473,Swiggy,Transport,1896.53,0
603,2024-01-01 20:17:00,241,Swiggy,Subscription,300.9,1
604,2024-01-01 20:18:00,220,Swiggy,Subscription,5840.17,0
605,2024-01-01 20:19:00,282,Uber,Electronics,803.35,0
606,2024-01-01 20:20:00,242,Walmart,Grocery,3093.37,1
607,2024-01-01 20:21:00,488,Flipkart,Shopping,5321.65,0
608,2024-01-01 20:22:00,379,Apple,Subscription,2650.88,1
609,2024-01-01 20:23:00,475,Apple,Electronics,4755.85,1
610,2024-01-01 20:24:00,308,Walmart,Transport,1407.19,0
611,2024-01-01 20:25:00,453,Apple,Grocery,1744.43,1
612,2024-01-01 20:26:00,301,Apple,Electronics,1349.65,0
613,2024-01-01 20:27:00,335,Flipkart,Grocery,4877.25,0
614,2024-01-01 20:28:00,452,Swiggy,Transport,3536.76,0
615,2024-01-01 20:29:00,259,Netflix,Grocery,4683.52,1
616,2024-01-01 20:30:00,479,Walmart,Food,3918.58,1
617,2024-01-01 20:31:00,108,Apple,Electronics,3029.58,1
618,2024-01-01 20:32:00,416,Amazon,Food,1708.78,1
619,2024-01-01 20:33:00,199,Walmart,Transport,3878.18,1
620,2024-01-01 20:34:00,298,Walmart,Shopping,4958.51,0
621,2024-01-01 20:35:00,314,Netflix,Transport,1777.04,1
622,2024-01-01 20:36:00,116,Flipkart,Subscription,4215.25,1
623,2024-01-01 20:37:00,438,Netflix,Grocery,2608.59,0
624,2024-01-01 20:38:00,372,Walmart,Shopping,2265.38,1
625,2024-01-01 20:39:00,400,Walmart,Shopping,3002.28,0
626,2024-01-01 20:40:00,432,Swiggy,Food,2685.27,0
627,2024-01-01 20:41:00,201,Flipkart,Food,4158.71,1
628,2024-01-01 20:42:00,120,Apple,Grocery,2498.79,0
629,2024-01-01 20:43:00,258,Amazon,Shopping,5851.42,1
630,2024-01-01 20:44:00,473,Uber,Electronics,4080.64,0
631,2024-01-01 20:45:00,260,Swiggy,Food,1008.21,1
632,2024-01-01 20:46:00,201,Netflix,Grocery,4516.94,1
633,2024-01-01 20:47:00,296,Flipkart,Transport,884.99,0
634,2024-01-01 20:48:00,149,Swiggy,Subscription,993.44,1
635,2024-01-01 20:49:00,466,Uber,Food,3615,0
636,2024-01-01 20:50:00,208,Swiggy,Shopping,2109.65,0
637,2024-01-01 20:51:00,435,Uber,Transport,4330.09,1
638,2024-01-01 20:52:00,203,Uber,Grocery,2059.68,0
639,2024-01-01 20:53:00,269,Swiggy,Transport,1526.64,1
640,2024-01-01 20:54:00,111,Flipkart,Subscription,714.6,0
641,2024-01-01 20:55:00,216,Netflix,Electronics,4551.56,0
642,2024-01-01 20:56:00,213,Walmart,Grocery,5265.8,0
643,2024-01-01 20:57:00,197,Flipkart,Food,1591.44,1
644,2024-01-01 20:58:00,203,Uber,Shopping,3242.11,1
645,2024-01-01 20:59:00,482,Netflix,Food,4231.51,0
646,2024-01-01 21:00:00,296,Swiggy,Grocery,539.2,1
647,2024-01-01 21:01:00,414,Walmart,Transport,303.3,1
648,2024-01-01 21:02:00,143,Flipkart,Shopping,2351.93,0
649,2024-01-01 21:03:00,118,Uber,Electronics,2357.78,0
650,2024-01-01 21:04:00,333,Swiggy,Food,2339.11,0
651,2024-01-01 21:05:00,151,Swiggy,Food,5721.47,0
652,2024-01-01 21:06:00,227,Apple,Transport,4438.34,0
653,2024-01-01 21:07:00,477,Amazon,Food,5873.75,1
654,2024-01-01 21:08:00,431,Walmart,Grocery,1979.21,1
655,2024-01-01 21:09:00,430,Swiggy,Shopping,3039.38,1
656,2024-01-01 21:10:00,469,Uber,Shopping,4188.29,0
657,2024-01-01 21:11:00,343,Walmart,Subscription,1813.58,1
658,2024-01-01 21:12:00,253,Uber,Transport,1084.56,1
659,2024-01-01 21:13:00,110,Apple,Electronics,4659.39,0
660,2024-01-01 21:14:00,232,Amazon,Shopping,5850.05,0
661,2024-01-01 21:15:00,241,Uber,Grocery,878.83,1
662,2024-01-01 21:16:00,150,Swiggy,Electronics,5989.17,1
663,2024-01-01 21:17:00,410,Amazon,Electronics,2646.97,0
664,2024-01-01 21:18:00,241,Amazon,Food,339.44,1
665,2024-01-01 21:19:00,382,Netflix,Food,2767.82,0
666,2024-01-01 21:20:00,375,Netflix,Electronics,5937.29,0
667,2024-01-01 21:21:00,262,Flipkart,Transport,2585.92,0
668,2024-01-01 21:22:00,158,Netflix,Subscription,5956.89,1
669,2024-01-01 21:23:00,479,Apple,Grocery,4068.17,0
670,2024-01-01 21:24:00,190,Uber,Subscription,3703.65,1
671,2024-01-01 21:25:00,403,Flipkart,Subscription,1247.51,1
672,2024-01-01 21:26:00,262,Netflix,Grocery,860.8,1
673,2024-01-01 21:27:00,410,Flipkart,Grocery,5245.79,0
674,2024-01-01 21:28:00,256,Uber,Transport,1704.66,0
675,2024-01-01 21:29:00,151,Amazon,Transport,20.22,1
676,2024-01-01 21:30:00,124,Amazon,Subscription,5444.85,0
677,2024-01-01 21:31:00,248,Flipkart,Grocery,4157.04,0
678,2024-01-01 21:32:00,227,Swiggy,Transport,3790.63,1
679,2024-01-01 21:33:00,367,Walmart,Grocery,3798.84,1
680,2024-01-01 21:34:00,342,Netflix,Subscription,2537.88,1
681,2024-01-01 21:35:00,150,Amazon,Grocery,3592.02,1
682,2024-01-01 21:36:00,497,Amazon,Subscription,2734.95,0
683,2024-01-01 21:37:00,187,Apple,Shopping,4955.01,1
684,2024-01-01 21:38:00,409,Flipkart,Electronics,2706.74,0
685,2024-01-01 21:39:00,176,Walmart,Electronics,1632.74,1
686,2024-01-01 21:40:00,202,Walmart,Electronics,5935.05,0
687,2024-01-01 21:41:00,295,Uber,Subscription,2122.88,0
688,2024-01-01 21:42:00,354,Apple,Shopping,1087.7,1
689,2024-01-01 21:43:00,106,Amazon,Grocery,4063.6,0
690,2024-01-01 21:44:00,423,Netflix,Transport,5045.44,0
691,2024-01-01 21:45:00,377,Amazon,Transport,3843.94,1
692,2024-01-01 21:46:00,248,Walmart,Transport,2924.02,1
693,2024-01-01 21:47:00,104,Walmart,Shopping,3725.42,1
694,2024-01-01 21:48:00,101,Swiggy,Grocery,1127.26,0
695,2024-01-01 21:49:00,453,Walmart,Food,5602.65,1
696,2024-01-01 21:50:00,460,Flipkart,Transport,1485.88,0
697,2024-01-01 21:51:00,330,Uber,Subscription,2527.77,1
698,2024-01-01 21:52:00,495,Walmart,Electronics,5482.52,0
699,2024-01-01 21:53:00,264,Netflix,Grocery,3455.66,0
700,2024-01-01 21:54:00,193,Amazon,Subscription,4193.76,1
701,2024-01-01 21:55:00,383,Flipkart,Transport,3867.94,1
702,2024-01-01 21:56:00,337,Apple,Transport,1591.96,1
703,2024-01-01 21:57:00,142,Swiggy,Grocery,2331.69,1
704,2024-01-01 21:58:00,110,Apple,Electronics,2631.94,0
705,2024-01-01 21:59:00,361,Swiggy,Food,4405.42,0
706,2024-01-01 22:00:00,435,Uber,Food,1506.76,0
707,2024-01-01 22:01:00,153,Flipkart,Electronics,4129.3,1
708,2024-01-01 22:02:00,467,Apple,Transport,3658.34,0
709,2024-01-01 22:03:00,500,Uber,Subscription,4538.24,1
710,2024-01-01 22:04:00,204,Swiggy,Food,2701.57,1
711,2024-01-01 22:05:00,325,Flipkart,Transport,5976.51,1
712,2024-01-01 22:06:00,297,Apple,Shopping,60.53,0
713,2024-01-01 22:07:00,100,Flipkart,Shopping,2515.85,1
714,2024-01-01 22:08:00,207,Apple,Transport,686.65,0
715,2024-01-01 22:09:00,192,Uber,Electronics,447.09,0
716,2024-01-01 22:10:00,259,Walmart,Transport,2100.4,0
717,2024-01-01 22:11:00,460,Netflix,Shopping,5889.04,0
718,2024-01-01 22:12:00,385,Flipkart,Grocery,2699.68,0
719,2024-01-01 22:13:00,330,Amazon,Transport,3140.76,1
720,2024-01-01 22:14:00,448,Apple,Electronics,3909.51,0
721,2024-01-01 22:15:00,267,Amazon,Shopping,3963.83,1
722,2024-01-01 22:16:00,249,Walmart,Electronics,4489.58,1
723,2024-01-01 22:17:00,385,Uber,Transport,4847.82,1
724,2024-01-01 22:18:00,201,Swiggy,Food,4964.29,1
725,2024-01-01 22:19:00,401,Swiggy,Transport,4059.75,1
726,2024-01-01 22:20:00,341,Apple,Food,3576.91,1
727,2024-01-01 22:21:00,176,Uber,Subscription,1488.07,1
728,2024-01-01 22:22:00,259,Apple,Food,4861.39,1
729,2024-01-01 22:23:00,382,Flipkart,Food,725.88,0
730,2024-01-01 22:24:00,279,Flipkart,Transport,4453.1,1
731,2024-01-01 22:25:00,325,Amazon,Electronics,1212.19,0
732,2024-01-01 22:26:00,349,Amazon,Electronics,1266.34,1
733,2024-01-01 22:27:00,470,Netflix,Grocery,2568.76,0
734,2024-01-01 22:28:00,383,Amazon,Electronics,1934.08,0
735,2024-01-01 22:29:00,126,Apple,Transport,2411.52,0
736,2024-01-01 22:30:00,450,Uber,Shopping,2259.82,0
737,2024-01-01 22:31:00,344,Flipkart,Shopping,2074.76,0
738,2024-01-01 22:32:00,488,Amazon,Electronics,321.61,0
739,2024-01-01 22:33:00,308,Netflix,Grocery,929.45,0
740,2024-01-01 22:34:00,129,Netflix,Food,5348.09,0
741,2024-01-01 22:35:00,229,Flipkart,Transport,5687.02,0
742,2024-01-01 22:36:00,268,Amazon,Transport,4166.24,1
743,2024-01-01 22:37:00,407,Walmart,Shopping,5514.34,1
744,2024-01-01 22:38:00,129,Amazon,Grocery,119.58,1
745,2024-01-01 22:39:00,138,Netflix,Grocery,2500.67,1
746,2024-01-01 22:40:00,231,Uber,Subscription,3237.26,0
747,2024-01-01 22:41:00,418,Amazon,Electronics,3484.88,0
748,2024-01-01 22:42:00,376,Walmart,Shopping,1946.38,1
749,2024-01-01 22:43:00,231,Netflix,Electronics,190.87,1
750,2024-01-01 22:44:00,287,Flipkart,Subscription,5808.05,0
751,2024-01-01 22:45:00,125,Uber,Electronics,3678.59,0
752,2024-01-01 22:46:00,162,Amazon,Electronics,4238.5,1
753,2024-01-01 22:47:00,335,Flipkart,Grocery,268.44,1
754,2024-01-01 22:48:00,235,Flipkart,Electronics,573.1,1
755,2024-01-01 22:49:00,247,Netflix,Food,1080.19,0
756,2024-01-01 22:50:00,101,Netflix,Subscription,2524.14,0
757,2024-01-01 22:51:00,428,Amazon,Transport,5386.04,0
758,2024-01-01 22:52:00,117,Amazon,Food,2371.13,0
759,2024-01-01 22:53:00,497,Flipkart,Subscription,992.82,1
760,2024-01-01 22:54:00,432,Walmart,Grocery,1123.72,0
761,2024-01-01 22:55:00,125,Apple,Food,3264.14,0
762,2024-01-01 22:56:00,431,Flipkart,Shopping,4484.32,0
763,2024-01-01 22:57:00,443,Uber,Grocery,312.41,1
764,2024-01-01 22:58:00,339,Flipkart,Shopping,2340.28,1
765,2024-01-01 22:59:00,247,Amazon,Shopping,2816.65,0
766,2024-01-01 23:00:00,398,Netflix,Grocery,4511.54,0
767,2024-01-01 23:01:00,416,Amazon,Transport,3316,0
768,2024-01-01 23:02:00,168,Amazon,Grocery,2936.3,1
769,2024-01-01 23:03:00,151,Walmart,Transport,2281.27,1
770,2024-01-01 23:04:00,430,Swiggy,Shopping,1778.52,0
771,2024-01-01 23:05:00,137,Walmart,Transport,5439.39,0
772,2024-01-01 23:06:00,294,Uber,Food,1206.02,0
773,2024-01-01 23:07:00,415,Amazon,Shopping,2536.67,1
774,2024-01-01 23:08:00,479,Walmart,Transport,1867.83,0
775,2024-01-01 23:09:00,104,Flipkart,Shopping,4749.43,0
776,2024-01-01 23:10:00,264,Amazon,Subscription,4177.87,0
777,2024-01-01 23:11:00,274,Walmart,Electronics,1387.63,1
778,2024-01-01 23:12:00,160,Flipkart,Transport,2174.72,1
779,2024-01-01 23:13:00,464,Swiggy,Electronics,5251.69,0
780,2024-01-01 23:14:00,354,Swiggy,Electronics,395.96,0
781,2024-01-01 23:15:00,335,Walmart,Food,362.29,1
782,2024-01-01 23:16:00,342,Apple,Grocery,1395.22,0
783,2024-01-01 23:17:00,250,Flipkart,Grocery,787.54,0
784,2024-01-01 23:18:00,130,Apple,Subscription,3317.56,0
785,2024-01-01 23:19:00,145,Amazon,Subscription,4529.47,0
786,2024-01-01 23:20:00,265,Swiggy,Shopping,5551.84,1
787,2024-01-01 23:21:00,406,Uber,Subscription,1071.5,1
788,2024-01-01 23:22:00,177,Flipkart,Electronics,3672.42,1
789,2024-01-01 23:23:00,130,Netflix,Subscription,1989.36,0
790,2024-01-01 23:24:00,319,Amazon,Shopping,3543.29,1
791,2024-01-01 23:25:00,172,Netflix,Transport,423.12,0
792,2024-01-01 23:26:00,211,Uber,Grocery,4077.29,1
793,2024-01-01 23:27:00,112,Apple,Subscription,3017.83,0
794,2024-01-01 23:28:00,394,Apple,Transport,4263.01,1
795,2024-01-01 23:29:00,183,Flipkart,Food,907.88,1
796,2024-01-01 23:30:00,219,Netflix,Grocery,3885.56,1
797,2024-01-01 23:31:00,139,Amazon,Food,3383.28,0
798,2024-01-01 23:32:00,400,Apple,Grocery,3105.68,1
799,2024-01-01 23:33:00,236,Swiggy,Shopping,4983.34,1
800,2024-01-01 23:34:00,123,Amazon,Food,2585.74,1
801,2024-01-01 23:35:00,133,Swiggy,Grocery,4042.17,1
802,2024-01-01 23:36:00,386,Amazon,Electronics,103.33,0
803,2024-01-01 23:37:00,227,Apple,Shopping,2290.13,1
804,2024-01-01 23:38:00,320,Swiggy,Subscription,4106.18,0
805,2024-01-01 23:39:00,373,Walmart,Transport,4333.61,0
806,2024-01-01 23:40:00,172,Netflix,Electronics,1079.15,1
807,2024-01-01 23:41:00,246,Amazon,Electronics,965.81,1
808,2024-01-01 23:42:00,132,Walmart,Grocery,4108.34,0
809,2024-01-01 23:43:00,430,Netflix,Electronics,3867.51,0
810,2024-01-01 23:44:00,270,Flipkart,Transport,5019.63,1
811,2024-01-01 23:45:00,346,Netflix,Transport,5799.21,1
812,2024-01-01 23:46:00,302,Flipkart,Food,3757.87,1
813,2024-01-01 23:47:00,135,Walmart,Electronics,1576.06,1
814,2024-01-01 23:48:00,185,Walmart,Shopping,3369.69,1
815,2024-01-01 23:49:00,441,Swiggy,Grocery,3645.4,0
816,2024-01-01 23:50:00,131,Apple,Subscription,569.99,1
817,2024-01-01 23:51:00,149,Amazon,Food,2855.8,1
818,2024-01-01 23:52:00,289,Swiggy,Transport,2149.9,0
819,2024-01-01 23:53:00,132,Netflix,Transport,825.36,0
820,2024-01-01 23:54:00,414,Walmart,Transport,1705.16,0
821,2024-01-01 23:55:00,113,Flipkart,Subscription,5376.84,0
822,2024-01-01 23:56:00,366,Flipkart,Food,1682.17,0
823,2024-01-01 23:57:00,216,Uber,Food,3737.1,1
824,2024-01-01 23:58:00,428,Walmart,Food,3573.56,0
825,2024-01-01 23:59:00,377,Flipkart,Food,4964.39,1
826,2024-01-02 0:00:00,267,Swiggy,Food,1267.6,1
827,2024-01-02 0:01:00,210,Amazon,Electronics,4568.93,1
828,2024-01-02 0:02:00,356,Uber,Subscription,3759.63,0
829,2024-01-02 0:03:00,120,Swiggy,Transport,4983.83,1
830,2024-01-02 0:04:00,482,Amazon,Grocery,5423.7,1
831,2024-01-02 0:05:00,208,Uber,Grocery,873.5,1
832,2024-01-02 0:06:00,325,Apple,Subscription,1135.88,1
833,2024-01-02 0:07:00,344,Netflix,Food,5869.91,0
834,2024-01-02 0:08:00,127,Flipkart,Food,231.94,0
835,2024-01-02 0:09:00,385,Walmart,Subscription,2819.95,1
836,2024-01-02 0:10:00,130,Amazon,Electronics,5567.34,0
837,2024-01-02 0:11:00,218,Flipkart,Shopping,1833.42,0
838,2024-01-02 0:12:00,103,Swiggy,Electronics,2966.69,1
839,2024-01-02 0:13:00,260,Walmart,Shopping,3180.13,0
840,2024-01-02 0:14:00,176,Flipkart,Shopping,1838.92,0
841,2024-01-02 0:15:00,206,Apple,Transport,5362.9,1
842,2024-01-02 0:16:00,282,Apple,Subscription,1518.15,0
843,2024-01-02 0:17:00,480,Apple,Electronics,2523.03,1
844,2024-01-02 0:18:00,461,Amazon,Electronics,1334.29,0
845,2024-01-02 0:19:00,198,Amazon,Subscription,2919.99,0
846,2024-01-02 0:20:00,424,Walmart,Food,2095.23,0
847,2024-01-02 0:21:00,291,Walmart,Transport,5721.03,0
848,2024-01-02 0:22:00,320,Swiggy,Subscription,1620.44,0
849,2024-01-02 0:23:00,215,Amazon,Grocery,3165.18,1
850,2024-01-02 0:24:00,308,Flipkart,Shopping,420.21,0
851,2024-01-02 0:25:00,128,Flipkart,Shopping,5666.35,1
852,2024-01-02 0:26:00,198,Flipkart,Grocery,4352.15,0
853,2024-01-02 0:27:00,141,Amazon,Electronics,224.64,1
854,2024-01-02 0:28:00,407,Walmart,Grocery,982.95,1
855,2024-01-02 0:29:00,412,Swiggy,Grocery,4083.43,0
856,2024-01-02 0:30:00,360,Apple,Transport,3904.35,0
857,2024-01-02 0:31:00,254,Swiggy,Food,4815.97,1
858,2024-01-02 0:32:00,411,Netflix,Grocery,1007.64,1
859,2024-01-02 0:33:00,307,Apple,Electronics,3510.17,1
860,2024-01-02 0:34:00,291,Uber,Subscription,791.46,0
861,2024-01-02 0:35:00,446,Amazon,Electronics,5595.78,1
862,2024-01-02 0:36:00,233,Uber,Electronics,529.09,0
863,2024-01-02 0:37:00,294,Apple,Electronics,4878.08,1
864,2024-01-02 0:38:00,407,Swiggy,Grocery,3289.13,0
865,2024-01-02 0:39:00,185,Apple,Electronics,5778.05,1
866,2024-01-02 0:40:00,305,Swiggy,Subscription,3426.76,1
867,2024-01-02 0:41:00,283,Uber,Electronics,1677.51,1
868,2024-01-02 0:42:00,310,Swiggy,Electronics,5709.54,1
869,2024-01-02 0:43:00,221,Apple,Electronics,1991.36,0
870,2024-01-02 0:44:00,293,Swiggy,Transport,2393.53,1
871,2024-01-02 0:45:00,335,Apple,Food,2431.24,0
872,2024-01-02 0:46:00,351,Apple,Shopping,499.75,0
873,2024-01-02 0:47:00,356,Apple,Subscription,1408.27,0
874,2024-01-02 0:48:00,223,Netflix,Subscription,3629.03,0
875,2024-01-02 0:49:00,149,Walmart,Transport,4136.18,0
876,2024-01-02 0:50:00,113,Apple,Shopping,1751.92,1
877,2024-01-02 0:51:00,273,Amazon,Subscription,3465.6,1
878,2024-01-02 0:52:00,107,Flipkart,Electronics,4565.42,0
879,2024-01-02 0:53:00,437,Apple,Shopping,435.15,1
880,2024-01-02 0:54:00,158,Uber,Transport,3817.5,1
881,2024-01-02 0:55:00,114,Flipkart,Food,5942.43,0
882,2024-01-02 0:56:00,458,Netflix,Electronics,112.86,1
883,2024-01-02 0:57:00,426,Swiggy,Transport,5591.65,1
884,2024-01-02 0:58:00,457,Netflix,Subscription,4488.35,0
885,2024-01-02 0:59:00,151,Swiggy,Transport,3816.46,1
886,2024-01-02 1:00:00,422,Apple,Grocery,1801.06,1
887,2024-01-02 1:01:00,321,Swiggy,Transport,2836.88,1
888,2024-01-02 1:02:00,289,Flipkart,Grocery,3699.98,0
889,2024-01-02 1:03:00,304,Apple,Shopping,5148.98,0
890,2024-01-02 1:04:00,355,Amazon,Subscription,3765.12,1
891,2024-01-02 1:05:00,303,Uber,Shopping,1313.43,1
892,2024-01-02 1:06:00,106,Netflix,Shopping,1864.89,1
893,2024-01-02 1:07:00,479,Apple,Subscription,3276.98,0
894,2024-01-02 1:08:00,258,Amazon,Food,5765.54,0
895,2024-01-02 1:09:00,226,Flipkart,Subscription,1736.5,1
896,2024-01-02 1:10:00,214,Uber,Electronics,4795.18,1
897,2024-01-02 1:11:00,151,Amazon,Transport,2786.99,0
898,2024-01-02 1:12:00,185,Netflix,Transport,392.5,1
899,2024-01-02 1:13:00,213,Netflix,Food,919.55,0
900,2024-01-02 1:14:00,288,Swiggy,Shopping,2713.88,0
901,2024-01-02 1:15:00,259,Flipkart,Food,4157.69,0
902,2024-01-02 1:16:00,376,Netflix,Shopping,5220.64,0
903,2024-01-02 1:17:00,488,Apple,Grocery,3564.67,1
904,2024-01-02 1:18:00,327,Swiggy,Food,3069.74,1
905,2024-01-02 1:19:00,346,Apple,Transport,4529.46,1
906,2024-01-02 1:20:00,183,Amazon,Food,3017.29,1
907,2024-01-02 1:21:00,486,Uber,Electronics,4145.83,1
908,2024-01-02 1:22:00,209,Netflix,Subscription,4798.23,1
909,2024-01-02 1:23:00,175,Walmart,Food,5836.22,1
910,2024-01-02 1:24:00,303,Apple,Shopping,4083.78,1
911,2024-01-02 1:25:00,246,Flipkart,Subscription,4320.56,1
912,2024-01-02 1:26:00,241,Amazon,Shopping,1254.79,1
913,2024-01-02 1:27:00,123,Netflix,Shopping,495.65,1
914,2024-01-02 1:28:00,393,Amazon,Electronics,2539.35,0
915,2024-01-02 1:29:00,387,Flipkart,Shopping,118.61,0
916,2024-01-02 1:30:00,297,Uber,Grocery,341.23,0
917,2024-01-02 1:31:00,155,Apple,Grocery,992.18,0
918,2024-01-02 1:32:00,212,Apple,Shopping,704.93,0
919,2024-01-02 1:33:00,404,Apple,Food,136.22,0
920,2024-01-02 1:34:00,154,Flipkart,Food,1325.33,0
921,2024-01-02 1:35:00,322,Netflix,Transport,3035.99,0
922,2024-01-02 1:36:00,215,Netflix,Grocery,4834.63,0
923,2024-01-02 1:37:00,299,Apple,Subscription,5152.97,1
924,2024-01-02 1:38:00,294,Uber,Subscription,504.44,1
925,2024-01-02 1:39:00,430,Flipkart,Shopping,483.7,1
926,2024-01-02 1:40:00,204,Uber,Shopping,1189.99,0
927,2024-01-02 1:41:00,456,Uber,Electronics,943.64,0
928,2024-01-02 1:42:00,475,Amazon,Electronics,4221.49,0
929,2024-01-02 1:43:00,470,Netflix,Grocery,5929.08,0
930,2024-01-02 1:44:00,284,Amazon,Electronics,1888.86,1
931,2024-01-02 1:45:00,334,Swiggy,Shopping,5610.8,1
932,2024-01-02 1:46:00,235,Amazon,Subscription,1780.85,0
933,2024-01-02 1:47:00,180,Swiggy,Grocery,1770.89,1
934,2024-01-02 1:48:00,448,Swiggy,Electronics,5111.55,0
935,2024-01-02 1:49:00,120,Amazon,Grocery,4521.46,0
936,2024-01-02 1:50:00,198,Uber,Electronics,524.04,1
937,2024-01-02 1:51:00,436,Netflix,Subscription,2627.95,1
938,2024-01-02 1:52:00,176,Walmart,Transport,2041.91,0
939,2024-01-02 1:53:00,342,Netflix,Food,3826.07,0
940,2024-01-02 1:54:00,472,Flipkart,Transport,4755.18,0
941,2024-01-02 1:55:00,367,Flipkart,Food,3276.4,1
942,2024-01-02 1:56:00,166,Amazon,Transport,5439.52,1
943,2024-01-02 1:57:00,407,Swiggy,Transport,3688.63,1
944,2024-01-02 1:58:00,226,Uber,Transport,3290.96,1
945,2024-01-02 1:59:00,110,Uber,Grocery,4708.82,1
946,2024-01-02 2:00:00,374,Flipkart,Grocery,5938.23,1
947,2024-01-02 2:01:00,408,Swiggy,Subscription,634.21,1
948,2024-01-02 2:02:00,151,Swiggy,Grocery,5198.91,1
949,2024-01-02 2:03:00,247,Netflix,Food,586.65,0
950,2024-01-02 2:04:00,306,Flipkart,Shopping,4027.57,1
951,2024-01-02 2:05:00,423,Swiggy,Electronics,4920.45,0
952,2024-01-02 2:06:00,303,Netflix,Subscription,1775.72,1
953,2024-01-02 2:07:00,268,Uber,Grocery,3175.48,1
954,2024-01-02 2:08:00,195,Amazon,Electronics,2263.03,0
955,2024-01-02 2:09:00,194,Apple,Shopping,1522.08,1
956,2024-01-02 2:10:00,116,Swiggy,Transport,4956.95,0
957,2024-01-02 2:11:00,384,Uber,Shopping,3888.99,0
958,2024-01-02 2:12:00,479,Walmart,Transport,3494.37,1
959,2024-01-02 2:13:00,379,Amazon,Shopping,2164.88,1
960,2024-01-02 2:14:00,380,Flipkart,Transport,4224.67,1
961,2024-01-02 2:15:00,251,Netflix,Grocery,2757.08,0
962,2024-01-02 2:16:00,302,Flipkart,Grocery,4848.6,1
963,2024-01-02 2:17:00,424,Netflix,Grocery,2925.35,0
964,2024-01-02 2:18:00,254,Uber,Shopping,1590.34,1
965,2024-01-02 2:19:00,255,Amazon,Grocery,3549.26,0
966,2024-01-02 2:20:00,414,Amazon,Food,3833.36,0
967,2024-01-02 2:21:00,489,Walmart,Transport,1124.87,1
968,2024-01-02 2:22:00,481,Netflix,Shopping,3477.97,1
969,2024-01-02 2:23:00,236,Flipkart,Food,2858.12,0
970,2024-01-02 2:24:00,500,Uber,Transport,4246.86,1
971,2024-01-02 2:25:00,266,Swiggy,Subscription,693.44,0
972,2024-01-02 2:26:00,222,Netflix,Shopping,1232.33,1
973,2024-01-02 2:27:00,238,Swiggy,Grocery,4218.24,0
974,2024-01-02 2:28:00,313,Uber,Shopping,3586.96,0
975,2024-01-02 2:29:00,414,Flipkart,Shopping,4787.28,1
976,2024-01-02 2:30:00,459,Flipkart,Subscription,573.93,1
977,2024-01-02 2:31:00,335,Walmart,Grocery,4302.6,1
978,2024-01-02 2:32:00,451,Uber,Electronics,2340.56,0
979,2024-01-02 2:33:00,111,Amazon,Electronics,4246.74,1
980,2024-01-02 2:34:00,212,Amazon,Food,4622.7,0
981,2024-01-02 2:35:00,312,Flipkart,Subscription,3375.63,1
982,2024-01-02 2:36:00,146,Netflix,Grocery,921.54,1
983,2024-01-02 2:37:00,364,Apple,Subscription,4468.46,1
984,2024-01-02 2:38:00,346,Swiggy,Transport,1074.69,0
985,2024-01-02 2:39:00,478,Walmart,Subscription,2523.97,1
986,2024-01-02 2:40:00,202,Netflix,Shopping,89.39,0
987,2024-01-02 2:41:00,107,Swiggy,Grocery,5453.67,0
988,2024-01-02 2:42:00,480,Netflix,Subscription,1778.53,0
989,2024-01-02 2:43:00,233,Apple,Grocery,1702.91,1
990,2024-01-02 2:44:00,473,Apple,Subscription,3438.41,0
991,2024-01-02 2:45:00,284,Walmart,Transport,4147.39,0
992,2024-01-02 2:46:00,466,Uber,Grocery,2322.76,1
993,2024-01-02 2:47:00,328,Swiggy,Transport,1346.55,1
994,2024-01-02 2:48:00,359,Amazon,Subscription,1991.94,0
995,2024-01-02 2:49:00,131,Amazon,Subscription,2742.88,0
996,2024-01-02 2:50:00,468,Flipkart,Shopping,260.19,0
997,2024-01-02 2:51:00,132,Uber,Grocery,2186.89,0
998,2024-01-02 2:52:00,232,Walmart,Grocery,3060.21,0
999,2024-01-02 2:53:00,459,Flipkart,Food,5365.97,0